appu:appu:appu@gmail.com	


jgupta:jgupta:jatininxs11@gmail.com
jgupta:jgupta:jatininxs11@gmail.com
jg:jg:jatininxs11@gmail.com
jating123:jating123:jatininxs11@gmail.com
jgupt:jgupt:jatininxs11@gmail.com
newuser:newuser:lll
vishant:vishant:abc@gmail.com
jatin:jatin:jatin
vishnu:vishnu:dd
kashi:kashi:kashi
